<?xml version="1.0"?>
<HomeImageSlider xmlns:xsi="http://www.w3.org/2001/XMLSchema-instance" xmlns:xsd="http://www.w3.org/2001/XMLSchema">
  <Images>
    <Images Id="wows1_1" UrlContent="~/Content/wowslider/data1/images/1.jpg" TooltipsUrlContent="~/Content/wowslider/data1/tooltips/1.jpg" Title="团队">
      <Description>我们提供优质的服务</Description>
    </Images>
    <Images Id="wows1_2" UrlContent="~/Content/wowslider/data1/images/2.jpg" TooltipsUrlContent="~/Content/wowslider/data1/tooltips/2.jpg" Title="运力">
      <Description>强大 稳定</Description>
    </Images>
    <Images Id="wows1_3" UrlContent="~/Content/wowslider/data1/images/3.jpg" TooltipsUrlContent="~/Content/wowslider/data1/tooltips/3.jpg" Title="专业">
      <Description>我们拥有专业的技术团队</Description>
    </Images>
    <Images Id="wows1_4" UrlContent="~/Content/wowslider/data1/images/4.jpg" TooltipsUrlContent="~/Content/wowslider/data1/tooltips/4.jpg" Title="4">
      <Description>description 4</Description>
    </Images>
    <Images Id="wows1_5" UrlContent="~/Content/wowslider/data1/images/5.jpg" TooltipsUrlContent="~/Content/wowslider/data1/tooltips/5.jpg" Title="5">
      <Description>description 5</Description>
    </Images>
  </Images>
</HomeImageSlider>