<?xml version="1.0"?>
<Strengths xmlns:xsi="http://www.w3.org/2001/XMLSchema-instance" xmlns:xsd="http://www.w3.org/2001/XMLSchema">
  <Description>主要承运各类大型、特种物件，以及承担工业搬场业务，拥有承运单件重量1800吨以内各载重吨级的大件运输平板车组和各种大吨位起重吊机，适应各种大型设备和物资的运输、吊装和就位要求。可承接超长、超宽 、超重,、超大型设备和机械的运输业务。以优惠的价格、优质的服务为客户服务，为厂方为运输单位牵线搭桥 ；以优质的服务谋求企业的发展； 以合理的价格应对市场竞争，是本企业发展之道。 </Description>
  <BlockImage_1>~/images/strength/block1.jpg</BlockImage_1>
  <BlockTime_1>Tuesday, September 10, 2013 2:46:24 PM</BlockTime_1>
  <BlockTitle_1>大货件 集装箱44</BlockTitle_1>
  <BlockText_1>我们在这里进行安全高速高效的集装箱运输11</BlockText_1>
  <BlockImage_2>~/images/strength/block2.jpg</BlockImage_2>
  <BlockTime_2>Tuesday, September 10, 2013 2:46:24 PM</BlockTime_2>
  <BlockTitle_2>公路建设项目33</BlockTitle_2>
  <BlockText_2>与XX集团共同完成xx路段 土方等各种材料运输项目22</BlockText_2>
  <BlockImage_3>~/images/strength/block3.jpg</BlockImage_3>
  <BlockTime_3>Tuesday, September 10, 2013 2:46:24 PM</BlockTime_3>
  <BlockTitle_3>货柜长途运输</BlockTitle_3>
  <BlockText_3>Lorem ipsum dolor sit amet, consectetuer adipiscing elit. Nam cursus. Morbi ut mi. Nullam enim leo, egestas id, condimentum at, laoreet mattis, massa. Sed eleifend nonummy diam. Praesent mauris ante, elementum et, bibendum at, posuere sit amet, nibh. Duis tincidunt... </BlockText_3>
  <BlockImage_4>~/images/strength/block4.jpg</BlockImage_4>
  <BlockTime_4>Tuesday, September 10, 2013 2:46:24 PM</BlockTime_4>
  <BlockTitle_4>The next-gen MacBook Pro with Retina Display Review</BlockTitle_4>
  <BlockText_4>Lorem ipsum dolor sit amet, consectetuer adipiscing elit. Nam cursus. Morbi ut mi. Nullam enim leo, egestas id, condimentum at, laoreet mattis, massa. Sed eleifend nonummy diam. Praesent mauris ante, elementum et, bibendum at, posuere sit amet, nibh. Duis tincidunt...</BlockText_4>
  <BlockImage_5>~/images/strength/block5.jpg</BlockImage_5>
  <BlockTime_5>Tuesday, September 10, 2013 2:46:24 PM</BlockTime_5>
  <BlockTitle_5>Google Nexus 7 and Android 4.1 &amp;nbsp; Mini Review</BlockTitle_5>
  <BlockText_5>Lorem ipsum dolor sit amet, consectetuer adipiscing elit. Nam cursus. Morbi ut mi. Nullam enim leo, egestas id, condimentum at, laoreet mattis, massa. Sed eleifend nonummy diam. Praesent mauris ante, elementum et, bibendum at, posuere sit amet, nibh. Duis tincidunt... </BlockText_5>
  <BlockImage_6>~/images/strength/block6.jpg</BlockImage_6>
  <BlockTime_6>Tuesday, September 10, 2013 2:46:24 PM</BlockTime_6>
  <BlockTitle_6>HTC One X great review from anandtech</BlockTitle_6>
  <BlockText_6>Lorem ipsum dolor sit amet, consectetuer adipiscing elit. Nam cursus. Morbi ut mi. Nullam enim leo, egestas id, condimentum at, laoreet mattis, massa. Sed eleifend nonummy diam. Praesent mauris ante, elementum et, bibendum at, posuere sit amet, nibh. Duis tincidunt lectus quis dui viverra vestibulum. Suspendisse vulputate aliquam dui. Nulla elementum dui ut augue. Aliquam vehicula mi at mauris. Maecenas placerat, nisl at consequat rhoncus, sem nunc gravida justo, quis eleifend arcu velit quis lacus. Morbi magna magna, tincidunt a,... </BlockText_6>
</Strengths>