﻿<?xml version="1.0" encoding="utf-8"?>
<publishData>
  <publishProfile publishUrl="F:\Chen Project\CMSNET4.0\PublishCargo" deleteExistingFiles="True" ftpAnonymousLogin="False" ftpPassiveMode="True" msdeploySite="" msdeploySiteID="" msdeployRemoteSitePhysicalPath="" msdeployAllowUntrustedCertificate="False" msdeploySkipExtraFilesOnServer="True" msdeployMarkAsApp="False" profileName="Profile1" publishMethod="FileSystem" replaceMatchingFiles="False" userName="" savePWD="False" userPWD="" SelectedForPublish="True">
    <file relUrl="Images/ldt/2.jpg" publishTime="08/12/2013 11:18:10" />
    <file relUrl="Scripts/jquery-ui-1.8.24.min.js" publishTime="07/15/2013 15:50:46" />
    <file relUrl="bin/Cargo.dll" publishTime="08/18/2013 10:32:47" />
    <file relUrl="Content/themes/base/minified/jquery.ui.slider.min.css" publishTime="07/15/2013 15:50:46" />
    <file relUrl="Images/largescale/1.jpg" publishTime="08/12/2013 10:53:33" />
    <file relUrl="App_DataClass/Contact.xml" publishTime="08/18/2013 09:55:20" />
    <file relUrl="Views/Home/_HomeBlock2.cshtml" publishTime="08/15/2013 19:33:02" />
    <file relUrl="Content/PhotoGallery/images/002.jpg" publishTime="08/14/2013 15:00:56" />
    <file relUrl="Images/error.jpg" publishTime="08/13/2013 13:35:16" />
    <file relUrl="Content/themes/base/minified/images/ui-bg_glass_55_fbf9ee_1x400.png" publishTime="07/15/2013 15:50:46" />
    <file relUrl="Images/headermenu/blog.png" publishTime="07/30/2013 14:26:46" />
    <file relUrl="Images/strength/yunli2.jpg" publishTime="08/12/2013 15:48:17" />
    <file relUrl="Scripts/jquery-1.5.1.js" publishTime="08/14/2013 14:39:05" />
    <file relUrl="Content/themes/base/images/ui-icons_2e83ff_256x240.png" publishTime="07/15/2013 15:50:46" />
    <file relUrl="Images/headermenu/transportation.png" publishTime="08/07/2013 11:16:18" />
    <file relUrl="Images/404.jpg" publishTime="08/13/2013 13:18:22" />
    <file relUrl="Content/themes/base/minified/jquery-ui.min.css" publishTime="07/15/2013 15:50:46" />
    <file relUrl="Scripts/jquery.unobtrusive-ajax.js" publishTime="07/15/2013 15:50:47" />
    <file relUrl="Views/Transport/_LDT.cshtml" publishTime="08/12/2013 11:34:04" />
    <file relUrl="Content/themes/base/minified/jquery.ui.autocomplete.min.css" publishTime="07/15/2013 15:50:46" />
    <file relUrl="Images/bg2.jpg" publishTime="08/06/2013 09:35:26" />
    <file relUrl="Content/themes/base/images/ui-bg_highlight-soft_75_cccccc_1x100.png" publishTime="07/15/2013 15:50:46" />
    <file relUrl="App_DataClass/TransportLines.xml" publishTime="08/18/2013 10:30:58" />
    <file relUrl="Scripts/_references.js" publishTime="08/14/2013 15:52:19" />
    <file relUrl="Content/themes/base/jquery.ui.selectable.css" publishTime="07/15/2013 15:50:46" />
    <file relUrl="Views/Shared/_404NotFound.cshtml" publishTime="07/28/2013 14:09:51" />
    <file relUrl="Views/Service/_Process.cshtml" publishTime="08/12/2013 14:43:49" />
    <file relUrl="Content/themes/base/minified/images/ui-icons_222222_256x240.png" publishTime="07/15/2013 15:50:46" />
    <file relUrl="Content/PhotoGallery/js/s3Slider.js" publishTime="08/14/2013 15:00:56" />
    <file relUrl="Scripts/jquery.validate.js" publishTime="07/15/2013 15:50:45" />
    <file relUrl="Content/chatonline/images/top_float_bg.png" publishTime="08/14/2013 15:00:56" />
    <file relUrl="Views/Transport/_BargeScale.cshtml" publishTime="08/12/2013 15:58:24" />
    <file relUrl="Views/Account/ChangePassword.cshtml" publishTime="08/14/2013 14:39:00" />
    <file relUrl="Content/themes/base/jquery.ui.all.css" publishTime="07/15/2013 15:50:46" />
    <file relUrl="Images/headermenu/process1.png" publishTime="08/07/2013 12:56:27" />
    <file relUrl="Scripts/jquery-1.5.1-vsdoc.js" publishTime="08/14/2013 14:39:06" />
    <file relUrl="Content/wowslider/data1/tooltips/3.jpg" publishTime="08/14/2013 15:00:56" />
    <file relUrl="Scripts/MicrosoftAjax.debug.js" publishTime="08/14/2013 14:39:00" />
    <file relUrl="Views/Home/Index.cshtml" publishTime="08/17/2013 11:35:37" />
    <file relUrl="Images/strength/yunli5.jpg" publishTime="08/12/2013 15:48:17" />
    <file relUrl="Scripts/jquery.validate.unobtrusive.min.js" publishTime="07/15/2013 15:50:47" />
    <file relUrl="Views/Account/ChangePasswordSuccess.cshtml" publishTime="08/14/2013 14:39:00" />
    <file relUrl="Images/director.jpg" publishTime="08/18/2013 10:05:04" />
    <file relUrl="Scripts/modernizr-1.7.min.js" publishTime="08/14/2013 14:39:09" />
    <file relUrl="Images/block3.jpg" publishTime="08/17/2013 11:17:12" />
    <file relUrl="Content/wowslider/engine1/pause.png" publishTime="08/14/2013 15:00:56" />
    <file relUrl="Images/headermenu/business.jpg" publishTime="07/30/2013 14:22:04" />
    <file relUrl="Images/icon_news.gif" publishTime="08/06/2013 09:18:42" />
    <file relUrl="Views/Home/_HomeBlock1.cshtml" publishTime="08/15/2013 20:15:56" />
    <file relUrl="Views/Shared/Error.cshtml" publishTime="08/14/2013 14:39:00" />
    <file relUrl="App_DataClass/HomeBlok2.xml" publishTime="08/15/2013 20:23:02" />
    <file relUrl="Content/themes/base/minified/jquery.ui.progressbar.min.css" publishTime="07/15/2013 15:50:46" />
    <file relUrl="Images/headermenu/contact4.jpg" publishTime="08/01/2013 14:27:06" />
    <file relUrl="Images/developer.jpg" publishTime="08/18/2013 10:05:04" />
    <file relUrl="Scripts/jquery-1.8.2.min.js" publishTime="07/15/2013 15:50:44" />
    <file relUrl="Content/chatonline/css/chat.css" publishTime="08/14/2013 15:00:56" />
    <file relUrl="Content/chatonline/images/togclose.png" publishTime="08/14/2013 15:00:56" />
    <file relUrl="Views/Shared/_LogOnPartial.cshtml" publishTime="08/14/2013 14:39:00" />
    <file relUrl="Scripts/knockout-2.2.0.js" publishTime="07/15/2013 15:50:59" />
    <file relUrl="Images/unsortlist.png" publishTime="08/12/2013 13:34:18" />
    <file relUrl="Images/headermenu/about2_1.jpg" publishTime="08/01/2013 14:27:06" />
    <file relUrl="Images/headermenu/about1.jpg" publishTime="08/07/2013 14:15:13" />
    <file relUrl="Images/secondrow_bg.jpg" publishTime="08/06/2013 12:31:17" />
    <file relUrl="Web.config" publishTime="08/18/2013 10:34:03" />
    <file relUrl="Images/bg/bkg_body.jpg" publishTime="07/22/2013 15:56:17" />
    <file relUrl="Images/headermenu/about3_1.jpg" publishTime="08/01/2013 14:27:06" />
    <file relUrl="Images/headermenu/contact2.jpg" publishTime="08/07/2013 13:32:51" />
    <file relUrl="Content/themes/base/images/ui-bg_glass_55_fbf9ee_1x400.png" publishTime="07/15/2013 15:50:46" />
    <file relUrl="Images/strength/005.jpg" publishTime="08/13/2013 14:20:43" />
    <file relUrl="Content/wowslider/iframe_index.html" publishTime="08/14/2013 15:00:56" />
    <file relUrl="Images/strength/yunli3.jpg" publishTime="08/12/2013 15:48:17" />
    <file relUrl="Content/PhotoGallery/images/001.jpg" publishTime="08/14/2013 15:00:56" />
    <file relUrl="Content/themes/base/minified/jquery.ui.accordion.min.css" publishTime="07/15/2013 15:50:46" />
    <file relUrl="Content/themes/base/jquery-ui.css" publishTime="07/15/2013 15:50:46" />
    <file relUrl="Content/themes/base/jquery.ui.resizable.css" publishTime="07/15/2013 15:50:46" />
    <file relUrl="Content/chatonline/images/map.gif" publishTime="08/14/2013 15:00:56" />
    <file relUrl="Scripts/MicrosoftMvcAjax.debug.js" publishTime="08/14/2013 14:39:00" />
    <file relUrl="Content/themes/base/jquery.ui.tabs.css" publishTime="07/15/2013 15:50:46" />
    <file relUrl="Images/director.png" publishTime="08/07/2013 16:45:08" />
    <file relUrl="bin/ApplicationUtility.dll" publishTime="08/18/2013 10:32:47" />
    <file relUrl="Images/dajianyunshu.jpg" publishTime="08/12/2013 15:05:53" />
    <file relUrl="App_DataClass/HomeImageSlider.xml" publishTime="08/15/2013 18:48:49" />
    <file relUrl="Scripts/jquery-ui-1.8.11.min.js" publishTime="08/14/2013 14:39:06" />
    <file relUrl="Content/PhotoGallery/js/jquery.js" publishTime="08/14/2013 15:00:56" />
    <file relUrl="Content/themes/base/minified/jquery.ui.tabs.min.css" publishTime="07/15/2013 15:50:46" />
    <file relUrl="Images/headermenu/home.png" publishTime="07/30/2013 13:49:25" />
    <file relUrl="Scripts/modernizr-2.6.2.js" publishTime="07/15/2013 15:50:47" />
    <file relUrl="Scripts/MicrosoftMvcAjax.js" publishTime="08/14/2013 14:39:00" />
    <file relUrl="Images/strength/002.jpg" publishTime="08/13/2013 14:22:48" />
    <file relUrl="Content/T1.css" publishTime="08/14/2013 15:00:56" />
    <file relUrl="Content/PhotoGallery/css/styles.css" publishTime="08/14/2013 15:00:56" />
    <file relUrl="Views/Error/NotFound.cshtml" publishTime="08/13/2013 13:33:36" />
    <file relUrl="Images/headermenu/product.png" publishTime="07/30/2013 15:21:39" />
    <file relUrl="Images/bg/shadow.png" publishTime="07/22/2013 16:00:32" />
    <file relUrl="Images/tobecontinue.jpg" publishTime="08/13/2013 21:12:19" />
    <file relUrl="Content/themes/base/images/ui-bg_flat_75_ffffff_40x100.png" publishTime="07/15/2013 15:50:46" />
    <file relUrl="Content/chatonline/js/jquery.1.4.4.min.js" publishTime="08/14/2013 15:00:56" />
    <file relUrl="Images/headermenu/contact3.jpg" publishTime="08/07/2013 13:42:53" />
    <file relUrl="Content/wowslider/engine1/wowslider.mod.js" publishTime="08/14/2013 15:00:56" />
    <file relUrl="bin/Cargo.pdb" publishTime="08/18/2013 10:32:47" />
    <file relUrl="Views/Shared/_QQChat.cshtml" publishTime="08/18/2013 09:54:14" />
    <file relUrl="Scripts/metro-list.js" publishTime="07/15/2013 17:08:30" />
    <file relUrl="App_DataClass/ChinaCityId.xml" publishTime="08/14/2013 14:51:28" />
    <file relUrl="Content/wowslider/engine1/style.css" publishTime="08/14/2013 15:00:56" />
    <file relUrl="Content/chatonline/images/tog_contact_bg.gif" publishTime="08/14/2013 15:00:56" />
    <file relUrl="Images/aboutus.jpg" publishTime="08/13/2013 11:16:12" />
    <file relUrl="Content/wowslider/data1/tooltips/5.jpg" publishTime="08/14/2013 15:00:56" />
    <file relUrl="Views/Shared/_Header.cshtml" publishTime="08/08/2013 14:18:08" />
    <file relUrl="Scripts/jquery-1.8.2.js" publishTime="07/15/2013 15:50:44" />
    <file relUrl="Images/headermenu/transportation2.png" publishTime="08/07/2013 11:16:40" />
    <file relUrl="Content/wowslider/engine1/wowslider.js" publishTime="08/14/2013 15:00:56" />
    <file relUrl="Scripts/MicrosoftMvcValidation.js" publishTime="08/14/2013 14:39:00" />
    <file relUrl="Content/themes/base/minified/jquery.ui.theme.min.css" publishTime="07/15/2013 15:50:46" />
    <file relUrl="Images/ldt/3.jpg" publishTime="08/12/2013 11:18:10" />
    <file relUrl="Global.asax" publishTime="08/14/2013 14:39:00" />
    <file relUrl="Content/themes/base/jquery.ui.datepicker.css" publishTime="07/15/2013 15:50:46" />
    <file relUrl="Views/Shared/_Weather.cshtml" publishTime="07/27/2013 19:33:15" />
    <file relUrl="Scripts/MicrosoftMvcValidation.debug.js" publishTime="08/14/2013 14:39:00" />
    <file relUrl="Images/white-list@2x.png" publishTime="07/18/2013 15:45:33" />
    <file relUrl="Scripts/scrolling.js" publishTime="07/15/2013 16:58:55" />
    <file relUrl="Content/themes/base/minified/images/ui-bg_glass_65_ffffff_1x400.png" publishTime="07/15/2013 15:50:46" />
    <file relUrl="packages.config" publishTime="08/14/2013 14:39:09" />
    <file relUrl="Images/headermenu/customer.png" publishTime="08/01/2013 14:27:06" />
    <file relUrl="Images/largescale/6.jpg" publishTime="08/12/2013 10:53:33" />
    <file relUrl="Images/reject.png" publishTime="08/07/2013 16:24:24" />
    <file relUrl="Content/themes/base/jquery.ui.dialog.css" publishTime="07/15/2013 15:50:46" />
    <file relUrl="Images/subscribe.gif" publishTime="08/06/2013 09:35:26" />
    <file relUrl="Content/themes/base/minified/images/ui-icons_2e83ff_256x240.png" publishTime="07/15/2013 15:50:46" />
    <file relUrl="Content/chatonline/js/togfloatdiv.js" publishTime="08/18/2013 10:11:58" />
    <file relUrl="Content/chatonline/images/tog.png" publishTime="08/14/2013 15:00:56" />
    <file relUrl="Images/block2.jpg" publishTime="08/17/2013 11:14:15" />
    <file relUrl="Content/themes/base/images/ui-icons_222222_256x240.png" publishTime="07/15/2013 15:50:46" />
    <file relUrl="Content/themes/base/minified/images/ui-icons_cd0a0a_256x240.png" publishTime="07/15/2013 15:50:46" />
    <file relUrl="Content/wowslider/data1/tooltips/3 - Copy.jpg" publishTime="08/14/2013 15:00:56" />
    <file relUrl="Images/largescale/5.jpg" publishTime="08/12/2013 10:53:33" />
    <file relUrl="Content/wowslider/data1/images/3 - Copy.jpg" publishTime="08/14/2013 15:00:56" />
    <file relUrl="Images/changtubanyun.jpg" publishTime="08/12/2013 15:05:53" />
    <file relUrl="Content/wowslider/data1/tooltips/2.jpg" publishTime="08/14/2013 15:00:56" />
    <file relUrl="Content/themes/base/minified/jquery.ui.dialog.min.css" publishTime="07/15/2013 15:50:46" />
    <file relUrl="bin/EntityFramework.xml" publishTime="08/14/2013 14:39:09" />
    <file relUrl="Images/icon_team.gif" publishTime="08/06/2013 09:18:42" />
    <file relUrl="Content/themes/base/minified/images/ui-bg_glass_75_e6e6e6_1x400.png" publishTime="07/15/2013 15:50:46" />
    <file relUrl="Views/_ViewStart.cshtml" publishTime="08/14/2013 14:39:00" />
    <file relUrl="Scripts/jquery-ui-1.8.24.js" publishTime="07/15/2013 15:50:46" />
    <file relUrl="Images/largescale/3.jpg" publishTime="08/12/2013 10:53:33" />
    <file relUrl="Content/themes/base/jquery.ui.autocomplete.css" publishTime="07/15/2013 15:50:46" />
    <file relUrl="Areas/Order/Views/Web.config" publishTime="08/14/2013 15:34:24" />
    <file relUrl="Content/wowslider/engine1/style.mod.css" publishTime="08/14/2013 15:00:56" />
    <file relUrl="Images/step_ol_bg.png" publishTime="08/12/2013 13:18:50" />
    <file relUrl="Images/bg.jpg" publishTime="08/06/2013 11:09:14" />
    <file relUrl="App_DataClass/HomeBlok1.xml" publishTime="08/15/2013 20:23:02" />
    <file relUrl="Scripts/jquery.nicescroll.js" publishTime="07/15/2013 16:12:34" />
    <file relUrl="Scripts/jquery-ui-1.8.11.js" publishTime="08/14/2013 14:39:06" />
    <file relUrl="Scripts/knockout-2.2.0.debug.js" publishTime="07/15/2013 15:50:59" />
    <file relUrl="Content/chatonline/js/chat.js" publishTime="08/18/2013 10:11:28" />
    <file relUrl="App_GlobalResources/SitePublic.resx" publishTime="08/17/2013 12:02:44" />
    <file relUrl="Content/wowslider/data1/tooltips/1.jpg" publishTime="08/14/2013 15:00:56" />
    <file relUrl="Content/themes/base/images/ui-bg_glass_75_e6e6e6_1x400.png" publishTime="07/15/2013 15:50:46" />
    <file relUrl="favicon.ico" publishTime="08/13/2013 21:23:56" />
    <file relUrl="Images/strength/001.jpg" publishTime="08/13/2013 14:21:41" />
    <file relUrl="Scripts/jquery.validate-vsdoc.js" publishTime="07/15/2013 15:50:45" />
    <file relUrl="Content/wowslider/data1/images/4.jpg" publishTime="08/14/2013 15:00:56" />
    <file relUrl="Content/themes/base/images/ui-bg_glass_95_fef1ec_1x400.png" publishTime="07/15/2013 15:50:46" />
    <file relUrl="Content/themes/base/minified/images/ui-bg_glass_75_dadada_1x400.png" publishTime="07/15/2013 15:50:46" />
    <file relUrl="Content/themes/base/minified/images/ui-bg_flat_75_ffffff_40x100.png" publishTime="07/15/2013 15:50:46" />
    <file relUrl="Images/ldt/1.jpg" publishTime="08/12/2013 11:18:10" />
    <file relUrl="Views/Shared/_Menu.cshtml" publishTime="08/17/2013 11:39:10" />
    <file relUrl="Scripts/jquery-1.8.2.intellisense.js" publishTime="07/15/2013 15:50:44" />
    <file relUrl="Images/strength/yunli4.jpg" publishTime="08/12/2013 16:07:24" />
    <file relUrl="Images/headermenu/customer2.png" publishTime="08/07/2013 12:56:15" />
    <file relUrl="bin/ApplicationUtility.pdb" publishTime="08/18/2013 10:32:47" />
    <file relUrl="Content/themes/base/images/ui-bg_glass_75_dadada_1x400.png" publishTime="07/15/2013 15:50:46" />
    <file relUrl="Content/themes/base/images/ui-icons_454545_256x240.png" publishTime="07/15/2013 15:50:46" />
    <file relUrl="Content/themes/base/jquery.ui.button.css" publishTime="07/15/2013 15:50:46" />
    <file relUrl="Content/themes/base/minified/images/ui-icons_888888_256x240.png" publishTime="07/15/2013 15:50:46" />
    <file relUrl="Content/themes/base/jquery.ui.core.css" publishTime="07/15/2013 15:50:46" />
    <file relUrl="Images/header_bg.jpg" publishTime="08/06/2013 11:22:11" />
    <file relUrl="Images/map/icbc.jpg" publishTime="07/23/2013 10:28:33" />
    <file relUrl="Images/strength/004.jpg" publishTime="08/13/2013 14:21:19" />
    <file relUrl="Content/themes/base/images/ui-bg_glass_65_ffffff_1x400.png" publishTime="07/15/2013 15:50:46" />
    <file relUrl="Content/themes/base/minified/jquery.ui.selectable.min.css" publishTime="07/15/2013 15:50:46" />
    <file relUrl="Images/block6.jpg" publishTime="08/17/2013 11:28:33" />
    <file relUrl="Scripts/MicrosoftAjax.js" publishTime="08/14/2013 14:39:00" />
    <file relUrl="Content/wowslider/data1/images/2.jpg" publishTime="08/14/2013 15:00:56" />
    <file relUrl="Images/block1.jpg" publishTime="08/17/2013 11:13:21" />
    <file relUrl="Views/Shared/_Layout.cshtml" publishTime="08/18/2013 09:53:20" />
    <file relUrl="Images/yunlizhanshi.jpg" publishTime="08/12/2013 15:16:40" />
    <file relUrl="Content/themes/base/minified/images/ui-bg_glass_95_fef1ec_1x400.png" publishTime="07/15/2013 15:50:46" />
    <file relUrl="Images/designer.jpg" publishTime="08/18/2013 10:05:04" />
    <file relUrl="Content/themes/base/images/ui-icons_cd0a0a_256x240.png" publishTime="07/15/2013 15:50:46" />
    <file relUrl="Images/headermenu/contact.jpg" publishTime="08/07/2013 14:17:53" />
    <file relUrl="Images/strength/003.jpg" publishTime="08/13/2013 14:22:21" />
    <file relUrl="Content/wowslider/engine1/play.png" publishTime="08/14/2013 15:00:56" />
    <file relUrl="Images/check.png" publishTime="08/07/2013 16:50:28" />
    <file relUrl="Images/firstrow_bg.jpg" publishTime="08/06/2013 12:25:32" />
    <file relUrl="Content/themes/base/images/ui-bg_flat_0_aaaaaa_40x100.png" publishTime="07/15/2013 15:50:46" />
    <file relUrl="Images/strength.css" publishTime="04/08/2013 11:50:44" />
    <file relUrl="Content/wowslider/engine1/script.js" publishTime="08/14/2013 15:00:56" />
    <file relUrl="Images/map_w.png" publishTime="08/08/2013 13:30:31" />
    <file relUrl="Content/PhotoGallery/images/003.jpg" publishTime="08/14/2013 15:00:56" />
    <file relUrl="Scripts/jquery.validate.min.js" publishTime="07/15/2013 15:50:45" />
    <file relUrl="Images/transportationline.jpg" publishTime="08/07/2013 16:32:25" />
    <file relUrl="Content/themes/base/minified/images/ui-icons_454545_256x240.png" publishTime="07/15/2013 15:50:46" />
    <file relUrl="Content/themes/base/minified/jquery.ui.resizable.min.css" publishTime="07/15/2013 15:50:46" />
    <file relUrl="Content/wowslider/data1/tooltips/4.jpg" publishTime="08/14/2013 15:00:56" />
    <file relUrl="Content/themes/base/minified/jquery.ui.core.min.css" publishTime="07/15/2013 15:50:46" />
    <file relUrl="Images/strength/yunli1.jpg" publishTime="08/12/2013 15:48:17" />
    <file relUrl="Content/wowslider/engine1/jquery.js" publishTime="08/14/2013 15:00:56" />
    <file relUrl="Views/Shared/_Footer.cshtml" publishTime="08/18/2013 09:56:23" />
    <file relUrl="Content/themes/base/jquery.ui.slider.css" publishTime="07/15/2013 15:50:46" />
    <file relUrl="Views/Web.config" publishTime="08/14/2013 14:39:00" />
    <file relUrl="Views/Home/_HomeImageSlider.cshtml" publishTime="08/14/2013 18:09:02" />
    <file relUrl="Images/photo_frame.jpg" publishTime="08/06/2013 09:29:46" />
    <file relUrl="Scripts/jquery-1.5.1.min.js" publishTime="08/14/2013 14:39:05" />
    <file relUrl="Images/block4.jpg" publishTime="08/17/2013 11:19:57" />
    <file relUrl="Content/wowslider/data1/images/5.jpg" publishTime="08/14/2013 15:00:56" />
    <file relUrl="Views/Service/Index.cshtml" publishTime="08/12/2013 13:10:03" />
    <file relUrl="Content/Site.css" publishTime="08/14/2013 15:00:56" />
    <file relUrl="Images/transportationcapability.png" publishTime="08/07/2013 16:19:43" />
    <file relUrl="Scripts/jquery.validate.unobtrusive.js" publishTime="07/15/2013 15:50:47" />
    <file relUrl="Content/chatonline/index.html" publishTime="08/14/2013 15:00:56" />
    <file relUrl="Images/headermenu/home1.png" publishTime="07/30/2013 13:49:30" />
    <file relUrl="Content/PhotoGallery/readme.html" publishTime="08/14/2013 15:00:56" />
    <file relUrl="Content/PhotoGallery/使用方法.txt" publishTime="08/14/2013 15:00:56" />
    <file relUrl="Content/chatonline/images/icon_online.gif" publishTime="08/14/2013 15:00:56" />
    <file relUrl="Views/Transport/_Strength.cshtml" publishTime="08/17/2013 11:02:31" />
    <file relUrl="Images/largescale/2.jpg" publishTime="08/12/2013 10:53:33" />
    <file relUrl="Content/PhotoGallery/index.jpg" publishTime="08/14/2013 15:00:56" />
    <file relUrl="Views/Service/TransportLines.cshtml" publishTime="08/18/2013 10:26:06" />
    <file relUrl="Images/headermenu/process.png" publishTime="08/07/2013 13:14:29" />
    <file relUrl="bin/EntityFramework.dll" publishTime="08/14/2013 14:39:09" />
    <file relUrl="Images/strength/yunli6.jpg" publishTime="08/12/2013 15:48:17" />
    <file relUrl="Content/chatonline/images/icon_consult.gif" publishTime="08/14/2013 15:00:56" />
    <file relUrl="Views/Shared/_ImageBlock.cshtml" publishTime="08/17/2013 11:37:33" />
    <file relUrl="Images/headermenu/about2.jpg" publishTime="08/07/2013 14:00:54" />
    <file relUrl="Content/themes/base/images/ui-icons_888888_256x240.png" publishTime="07/15/2013 15:50:46" />
    <file relUrl="Content/themes/base/jquery.ui.theme.css" publishTime="07/15/2013 15:50:46" />
    <file relUrl="Content/wowslider/data1/images/3.jpg" publishTime="08/14/2013 15:00:56" />
    <file relUrl="Images/block5.jpg" publishTime="08/17/2013 11:26:26" />
    <file relUrl="Content/themes/base/jquery.ui.progressbar.css" publishTime="07/15/2013 15:50:46" />
    <file relUrl="Areas/Order/Views/Order/Index.cshtml" publishTime="08/14/2013 15:37:03" />
    <file relUrl="Content/wowslider/index.html" publishTime="08/14/2013 15:00:56" />
    <file relUrl="Content/wowslider/engine1/fullscreen.png" publishTime="08/14/2013 15:00:56" />
    <file relUrl="Content/PhotoGallery/index.html" publishTime="08/14/2013 15:00:56" />
    <file relUrl="Views/Shared/BaiduMap.cshtml" publishTime="08/14/2013 16:01:57" />
    <file relUrl="Views/Error/Index.cshtml" publishTime="08/13/2013 13:39:26" />
    <file relUrl="Views/Shared/GoogleMap.cshtml" publishTime="07/23/2013 15:52:55" />
    <file relUrl="Images/largescale/4.jpg" publishTime="08/12/2013 10:53:33" />
    <file relUrl="Images/icon_work.gif" publishTime="08/06/2013 09:18:42" />
    <file relUrl="Views/Home/Contact.cshtml" publishTime="08/18/2013 10:07:21" />
    <file relUrl="Images/headermenu/about3.jpg" publishTime="08/07/2013 13:56:49" />
    <file relUrl="Images/logo.png" publishTime="08/08/2013 13:37:56" />
    <file relUrl="Images/headermenu/about1_1.jpg" publishTime="08/01/2013 14:27:06" />
    <file relUrl="Views/Transport/Index.cshtml" publishTime="08/13/2013 14:32:48" />
    <file relUrl="Content/themes/base/minified/images/ui-bg_flat_0_aaaaaa_40x100.png" publishTime="07/15/2013 15:50:46" />
    <file relUrl="Content/chatonline/images/top_logo.gif" publishTime="08/14/2013 15:00:56" />
    <file relUrl="Views/Service/ContactUs.cshtml" publishTime="08/12/2013 16:21:35" />
    <file relUrl="Images/headermenu/about2_2.jpg" publishTime="08/07/2013 14:02:18" />
    <file relUrl="Scripts/modernizr-1.7.js" publishTime="08/14/2013 14:39:09" />
    <file relUrl="Images/headermenu/down.png" publishTime="07/28/2013 15:56:15" />
    <file relUrl="Views/Account/Register.cshtml" publishTime="08/14/2013 14:39:00" />
    <file relUrl="Images/bg/bkg_body.gif" publishTime="07/22/2013 15:46:31" />
    <file relUrl="Content/chatonline/images/icon_phone.gif" publishTime="08/14/2013 15:00:56" />
    <file relUrl="Views/Shared/_WeatherBox.cshtml" publishTime="08/02/2013 09:55:48" />
    <file relUrl="Views/Home/About.cshtml" publishTime="08/13/2013 11:28:22" />
    <file relUrl="Content/themes/base/minified/jquery.ui.button.min.css" publishTime="07/15/2013 15:50:46" />
    <file relUrl="Scripts/jquery.unobtrusive-ajax.min.js" publishTime="07/15/2013 15:50:47" />
    <file relUrl="Views/Account/LogOn.cshtml" publishTime="08/14/2013 14:39:00" />
    <file relUrl="Content/themes/base/jquery.ui.base.css" publishTime="07/15/2013 15:50:46" />
    <file relUrl="Content/themes/base/minified/jquery.ui.datepicker.min.css" publishTime="07/15/2013 15:50:46" />
    <file relUrl="Content/wowslider/data1/images/1.jpg" publishTime="08/14/2013 15:00:56" />
    <file relUrl="Views/Shared/_EmptyLayout.cshtml" publishTime="07/23/2013 12:54:56" />
    <file relUrl="Content/themes/base/jquery.ui.accordion.css" publishTime="07/15/2013 15:50:46" />
    <file relUrl="Content/themes/base/minified/images/ui-bg_highlight-soft_75_cccccc_1x100.png" publishTime="07/15/2013 15:50:46" />
    <file relUrl="Images/send.gif" publishTime="08/06/2013 09:35:26" />
  </publishProfile>
</publishData>